question,answer
"What is the Internet?","A vast, interconnected network of networks that allows global communication and information sharing."
"What is the standard protocol suite the Internet relies on?","TCP/IP (Transmission Control Protocol/Internet Protocol)."
"What does TCP/IP govern?","How data is transmitted, addressed, routed, and received across various network devices."
"Why is understanding the Internet essential for computer science students?","It underpins nearly all modern computing systems, like cloud platforms and mobile applications."
"How does the Internet function at its core regarding data?","By breaking data into small units called packets."
"What are packets?","Small units of data used for transmission over the Internet, containing payload and headers."
"What two main components does an Internet packet contain?","Payload (the actual data) and headers (control information like source/destination IP addresses)."
"How are packets sent across the Internet?","They are routed independently through the network and reassembled at their destination."
"What is the role of the Internet Protocol (IP)?","It handles addressing and routing, ensuring packets reach the correct endpoint."
"Which protocol handles addressing and routing of packets?","Internet Protocol (IP)."
"What is the role of the Transmission Control Protocol (TCP)?","It ensures reliable data transmission, establishes connections, manages data flow, and performs error checking."
"Which protocol ensures reliable data transmission over the Internet?","Transmission Control Protocol (TCP)."
"Where does TCP sit relative to IP in the protocol stack?","TCP sits above IP."
"How does TCP initiate a session?","Using a three-way handshake (SYN, SYN-ACK, ACK)."
"What is the sequence of messages in a TCP three-way handshake?","SYN, SYN-ACK, ACK."
"How does TCP ensure successful data delivery?","By requiring acknowledgments (ACKs) for received packets."
"What does TCP do if packets are lost or arrive out of order?","It handles retransmission and reordering."
"What are routers?","Specialized devices that direct packets across networks."
"How do routers determine the path for packets?","They maintain routing tables and use the destination IP address to determine the best path."
"How do packets travel between routers?","They hop from router to router until reaching the target device."
"What are examples of routing protocols used by routers?","OSPF (Open Shortest Path First) and BGP (Border Gateway Protocol)."
"What is the purpose of routing protocols like OSPF and BGP?","They help routers dynamically adjust routes in response to network changes."
"What is an IP address?","A unique identifier assigned to every device on the Internet."
"What type of address does IPv4 use?","32-bit addresses."
"What type of address does IPv6 use?","128-bit addresses."
"Why is IPv6 replacing IPv4?","To provide a much larger address space due to the growth of connected devices."
"What technology allows multiple devices on a local network to share a single public IP address?","NAT (Network Address Translation)."
"What is NAT (Network Address Translation)?","A method that maps internal private IP addresses to public IP addresses, often used to conserve public IPv4 addresses."
"What are domain names used for?","To provide human-readable addresses (like www.example.com) instead of numeric IP addresses."
"What is the Domain Name System (DNS)?","The system that translates domain names into IP addresses."
"What system translates human-readable domain names into IP addresses?","The Domain Name System (DNS)."
"What happens when you type a URL into a browser regarding DNS?","The computer queries a DNS server to resolve the domain name and retrieve the corresponding IP address."
"What physical infrastructure does Internet data travel over?","Infrastructure such as fiber optic cables, copper wires, and wireless links."
"Who maintains the physical infrastructure of the Internet?","ISPs (Internet Service Providers)."
"What are ISPs?","Internet Service Providers, companies that maintain Internet infrastructure and provide access."
"How do ISPs interconnect to route traffic globally?","Through Internet Exchange Points (IXPs)."
"What are IXPs?","Internet Exchange Points, physical locations where ISPs interconnect to exchange traffic efficiently."
"What devices serve web content on the Internet?","Web servers."
"What applications do users typically use to interact with web content?","Client applications like web browsers."
"What protocol is commonly used to request and transfer web content?","HTTP (Hypertext Transfer Protocol) or its secure variant HTTPS."
"What is the difference between HTTP and HTTPS?","HTTPS (Hypertext Transfer Protocol Secure) is the secure version of HTTP, using encryption like TLS."
"What protocol provides encryption for secure data transmission on the web?","TLS (Transport Layer Security), often used with HTTPS."
"What is the purpose of TLS (Transport Layer Security)?","To encrypt data during transmission, ensuring confidentiality and integrity."
"What are some mechanisms used to protect networks and data from unauthorized access and attacks?","Firewalls, intrusion detection systems, and access control mechanisms."
"How can the Internet's operation be summarized?","It operates through a layered architecture involving protocols (IP, TCP, DNS, HTTP) and infrastructure (routers, servers, cables)."
"What is the overall goal of the Internet's architecture and protocols?","To enable reliable, efficient, and secure communication across a decentralized global network."
"What foundational knowledge does understanding the Internet provide for further studies?","It forms a pillar for studies in networking, distributed systems, and cybersecurity."
"What is the payload in an Internet packet?","The actual data being sent."
"What is contained in the headers of an Internet packet?","Control information, including source and destination IP addresses."
"What does the 'IP' in TCP/IP stand for?","Internet Protocol."
"What does the 'TCP' in TCP/IP stand for?","Transmission Control Protocol."
"What does OSPF stand for?","Open Shortest Path First."
"What does BGP stand for?","Border Gateway Protocol."
"What does DNS stand for?","Domain Name System."
"What does NAT stand for?","Network Address Translation."
"What does HTTP stand for?","Hypertext Transfer Protocol."
"What does HTTPS stand for?","Hypertext Transfer Protocol Secure."
"What does TLS stand for?","Transport Layer Security."
"What does ISP stand for?","Internet Service Provider."
"What does IXP stand for?","Internet Exchange Point."